inserts,gasUsed,comment
1000,47796,random,inserting
1000,60490,random,inserting
1000,48915,random,inserting
1000,73184,random,inserting
1000,48915,random,inserting
1000,73184,random,inserting
1000,48915,random,inserting
1000,85878,random,inserting
1000,48915,random,inserting
1000,61609,random,inserting
1000,48915,random,inserting
1000,61609,random,inserting
1000,85878,random,inserting
1000,48915,random,inserting
1000,74303,random,inserting
1000,98572,random,inserting
1000,48915,random,inserting
1000,61609,random,inserting
1000,61609,random,inserting
1000,98572,random,inserting
1000,61609,random,inserting
1000,48915,random,inserting
1000,48915,random,inserting
1000,48915,random,inserting
1000,86997,random,inserting
1000,48915,random,inserting
1000,86997,random,inserting
1000,86997,random,inserting
1000,48915,random,inserting
1000,61609,random,inserting
1000,74303,random,inserting
1000,86997,random,inserting
1000,48915,random,inserting
1000,99691,random,inserting
1000,74303,random,inserting
1000,61609,random,inserting
1000,48915,random,inserting
1000,74303,random,inserting
1000,48851,random,inserting
1000,48915,random,inserting
1000,86997,random,inserting
1000,61609,random,inserting
1000,74303,random,inserting
1000,48915,random,inserting
1000,99691,random,inserting
1000,61609,random,inserting
1000,61609,random,inserting
1000,61609,random,inserting
1000,61609,random,inserting
1000,48915,random,inserting
1000,48851,random,inserting
1000,48915,random,inserting
1000,86997,random,inserting
1000,48915,random,inserting
1000,48915,random,inserting
1000,48915,random,inserting
1000,48915,random,inserting
1000,48915,random,inserting
1000,48915,random,inserting
1000,48915,random,inserting
1000,61609,random,inserting
1000,48915,random,inserting
1000,86997,random,inserting
1000,48915,random,inserting
1000,112385,random,inserting
1000,48915,random,inserting
1000,74303,random,inserting
1000,61609,random,inserting
1000,48915,random,inserting
1000,48915,random,inserting
1000,74303,random,inserting
1000,74303,random,inserting
1000,86997,random,inserting
1000,61609,random,inserting
1000,74303,random,inserting
1000,74303,random,inserting
1000,74303,random,inserting
1000,99691,random,inserting
1000,61609,random,inserting
1000,123960,random,inserting
1000,61609,random,inserting
1000,61609,random,inserting
1000,48851,random,inserting
1000,48915,random,inserting
1000,48915,random,inserting
1000,48915,random,inserting
1000,61609,random,inserting
1000,74303,random,inserting
1000,48915,random,inserting
1000,74303,random,inserting
1000,48915,random,inserting
1000,61609,random,inserting
1000,48915,random,inserting
1000,48915,random,inserting
1000,48915,random,inserting
1000,61609,random,inserting
1000,86997,random,inserting
1000,112385,random,inserting
1000,99691,random,inserting
1000,48915,random,inserting
1000,61609,random,inserting
1000,61609,random,inserting
1000,74303,random,inserting
1000,61609,random,inserting
1000,86997,random,inserting
1000,48915,random,inserting
1000,48915,random,inserting
1000,48915,random,inserting
1000,74303,random,inserting
1000,61609,random,inserting
1000,48915,random,inserting
1000,74303,random,inserting
1000,74303,random,inserting
1000,86997,random,inserting
1000,48915,random,inserting
1000,61609,random,inserting
1000,61609,random,inserting
1000,61609,random,inserting
1000,48915,random,inserting
1000,61609,random,inserting
1000,48915,random,inserting
1000,48851,random,inserting
1000,48915,random,inserting
1000,48915,random,inserting
1000,99691,random,inserting
1000,48915,random,inserting
1000,48915,random,inserting
1000,74303,random,inserting
1000,99691,random,inserting
1000,61609,random,inserting
1000,99691,random,inserting
1000,61609,random,inserting
1000,48915,random,inserting
1000,48915,random,inserting
1000,86997,random,inserting
1000,48915,random,inserting
1000,74303,random,inserting
1000,86997,random,inserting
1000,61609,random,inserting
1000,48915,random,inserting
1000,86997,random,inserting
1000,112385,random,inserting
1000,61609,random,inserting
1000,61609,random,inserting
1000,74303,random,inserting
1000,61609,random,inserting
1000,86997,random,inserting
1000,61609,random,inserting
1000,74303,random,inserting
1000,86997,random,inserting
1000,48915,random,inserting
1000,74303,random,inserting
1000,74303,random,inserting
1000,48915,random,inserting
1000,48915,random,inserting
1000,61609,random,inserting
1000,48915,random,inserting
1000,48915,random,inserting
1000,86997,random,inserting
1000,61609,random,inserting
1000,99691,random,inserting
1000,48915,random,inserting
1000,48915,random,inserting
1000,99691,random,inserting
1000,48915,random,inserting
1000,61609,random,inserting
1000,61609,random,inserting
1000,48915,random,inserting
1000,61609,random,inserting
1000,61609,random,inserting
1000,61609,random,inserting
1000,61609,random,inserting
1000,48915,random,inserting
1000,48915,random,inserting
1000,86997,random,inserting
1000,74303,random,inserting
1000,48915,random,inserting
1000,74303,random,inserting
1000,86997,random,inserting
1000,74303,random,inserting
1000,48915,random,inserting
1000,99691,random,inserting
1000,48915,random,inserting
1000,86997,random,inserting
1000,48915,random,inserting
1000,61609,random,inserting
1000,48915,random,inserting
1000,48915,random,inserting
1000,48915,random,inserting
1000,48915,random,inserting
1000,48915,random,inserting
1000,48915,random,inserting
1000,86997,random,inserting
1000,48915,random,inserting
1000,61609,random,inserting
1000,48915,random,inserting
1000,48915,random,inserting
1000,48915,random,inserting
1000,48915,random,inserting
1000,112385,random,inserting
1000,74303,random,inserting
1000,61609,random,inserting
1000,48915,random,inserting
1000,61609,random,inserting
1000,74303,random,inserting
1000,61609,random,inserting
1000,48915,random,inserting
1000,61609,random,inserting
1000,61609,random,inserting
1000,61609,random,inserting
1000,48851,random,inserting
1000,61609,random,inserting
1000,61609,random,inserting
1000,61609,random,inserting
1000,99691,random,inserting
1000,61609,random,inserting
1000,48915,random,inserting
1000,74303,random,inserting
1000,61609,random,inserting
1000,48915,random,inserting
1000,74303,random,inserting
1000,86997,random,inserting
1000,48915,random,inserting
1000,48915,random,inserting
1000,61609,random,inserting
1000,112385,random,inserting
1000,48915,random,inserting
1000,86997,random,inserting
1000,61609,random,inserting
1000,48915,random,inserting
1000,61609,random,inserting
1000,86997,random,inserting
1000,99691,random,inserting
1000,48851,random,inserting
1000,74303,random,inserting
1000,74303,random,inserting
1000,48915,random,inserting
1000,48915,random,inserting
1000,61609,random,inserting
1000,61609,random,inserting
1000,86997,random,inserting
1000,112385,random,inserting
1000,61609,random,inserting
1000,48915,random,inserting
1000,61609,random,inserting
1000,74303,random,inserting
1000,74303,random,inserting
1000,74303,random,inserting
1000,48915,random,inserting
1000,48915,random,inserting
1000,86997,random,inserting
1000,48915,random,inserting
1000,48915,random,inserting
1000,48915,random,inserting
1000,61609,random,inserting
1000,99691,random,inserting
1000,61609,random,inserting
1000,48915,random,inserting
1000,61609,random,inserting
1000,112385,random,inserting
1000,61609,random,inserting
1000,61545,random,inserting
1000,61609,random,inserting
1000,61609,random,inserting
1000,48915,random,inserting
1000,74303,random,inserting
1000,48915,random,inserting
1000,74303,random,inserting
1000,48915,random,inserting
1000,48915,random,inserting
1000,74303,random,inserting
1000,125079,random,inserting
1000,74303,random,inserting
1000,61609,random,inserting
1000,48915,random,inserting
1000,61609,random,inserting
1000,48851,random,inserting
1000,74303,random,inserting
1000,48915,random,inserting
1000,74303,random,inserting
1000,48915,random,inserting
1000,61609,random,inserting
1000,74303,random,inserting
1000,125079,random,inserting
1000,48915,random,inserting
1000,48915,random,inserting
1000,74303,random,inserting
1000,86997,random,inserting
1000,48915,random,inserting
1000,48915,random,inserting
1000,99691,random,inserting
1000,61609,random,inserting
1000,99691,random,inserting
1000,61609,random,inserting
1000,61609,random,inserting
1000,74303,random,inserting
1000,48915,random,inserting
1000,74303,random,inserting
1000,48915,random,inserting
1000,86997,random,inserting
1000,48915,random,inserting
1000,61609,random,inserting
1000,74303,random,inserting
1000,48915,random,inserting
1000,112385,random,inserting
1000,48915,random,inserting
1000,74303,random,inserting
1000,86997,random,inserting
1000,48915,random,inserting
1000,61609,random,inserting
1000,86997,random,inserting
1000,61609,random,inserting
1000,74303,random,inserting
1000,48851,random,inserting
1000,61609,random,inserting
1000,112385,random,inserting
1000,48915,random,inserting
1000,48915,random,inserting
1000,48915,random,inserting
1000,48915,random,inserting
1000,61609,random,inserting
1000,48915,random,inserting
1000,48851,random,inserting
1000,61609,random,inserting
1000,125079,random,inserting
1000,74303,random,inserting
1000,48915,random,inserting
1000,48915,random,inserting
1000,74303,random,inserting
1000,48915,random,inserting
1000,48915,random,inserting
1000,61609,random,inserting
1000,48915,random,inserting
1000,48915,random,inserting
1000,149348,random,inserting
1000,86997,random,inserting
1000,48915,random,inserting
1000,61609,random,inserting
1000,86997,random,inserting
1000,61609,random,inserting
1000,48915,random,inserting
1000,99691,random,inserting
1000,48915,random,inserting
1000,48915,random,inserting
1000,99691,random,inserting
1000,61609,random,inserting
1000,48915,random,inserting
1000,48915,random,inserting
1000,48915,random,inserting
1000,74303,random,inserting
1000,48915,random,inserting
1000,99691,random,inserting
1000,74303,random,inserting
1000,74303,random,inserting
1000,48915,random,inserting
1000,61609,random,inserting
1000,48915,random,inserting
1000,86997,random,inserting
1000,99691,random,inserting
1000,61609,random,inserting
1000,61609,random,inserting
1000,48915,random,inserting
1000,48915,random,inserting
1000,61609,random,inserting
1000,86997,random,inserting
1000,61609,random,inserting
1000,48915,random,inserting
1000,99691,random,inserting
1000,86997,random,inserting
1000,61609,random,inserting
1000,48915,random,inserting
1000,74303,random,inserting
1000,74303,random,inserting
1000,48915,random,inserting
1000,48915,random,inserting
1000,48915,random,inserting
1000,137773,random,inserting
1000,74303,random,inserting
1000,48915,random,inserting
1000,48915,random,inserting
1000,48915,random,inserting
1000,149348,random,inserting
1000,61609,random,inserting
1000,86997,random,inserting
1000,48915,random,inserting
1000,48915,random,inserting
1000,99691,random,inserting
1000,48915,random,inserting
1000,48915,random,inserting
1000,48915,random,inserting
1000,48915,random,inserting
1000,74303,random,inserting
1000,48915,random,inserting
1000,86997,random,inserting
1000,74303,random,inserting
1000,74303,random,inserting
1000,48915,random,inserting
1000,61609,random,inserting
1000,48915,random,inserting
1000,48915,random,inserting
1000,137773,random,inserting
1000,61609,random,inserting
1000,112385,random,inserting
1000,48851,random,inserting
1000,48915,random,inserting
1000,74303,random,inserting
1000,99691,random,inserting
1000,61609,random,inserting
1000,61609,random,inserting
1000,61609,random,inserting
1000,86997,random,inserting
1000,74303,random,inserting
1000,48915,random,inserting
1000,61609,random,inserting
1000,61609,random,inserting
1000,112385,random,inserting
1000,74303,random,inserting
1000,61609,random,inserting
1000,74303,random,inserting
1000,61609,random,inserting
1000,48915,random,inserting
1000,112385,random,inserting
1000,137773,random,inserting
1000,74303,random,inserting
1000,61609,random,inserting
1000,137773,random,inserting
1000,48915,random,inserting
1000,48915,random,inserting
1000,74303,random,inserting
1000,61609,random,inserting
1000,86997,random,inserting
1000,86997,random,inserting
1000,48915,random,inserting
1000,86997,random,inserting
1000,48915,random,inserting
1000,48915,random,inserting
1000,48915,random,inserting
1000,86997,random,inserting
1000,48915,random,inserting
1000,61609,random,inserting
1000,61609,random,inserting
1000,61609,random,inserting
1000,74303,random,inserting
1000,48915,random,inserting
1000,61609,random,inserting
1000,74303,random,inserting
1000,48915,random,inserting
1000,74303,random,inserting
1000,48915,random,inserting
1000,48915,random,inserting
1000,99691,random,inserting
1000,48915,random,inserting
1000,48915,random,inserting
1000,48915,random,inserting
1000,48915,random,inserting
1000,61609,random,inserting
1000,61609,random,inserting
1000,48915,random,inserting
1000,61609,random,inserting
1000,74303,random,inserting
1000,48915,random,inserting
1000,86997,random,inserting
1000,61609,random,inserting
1000,48915,random,inserting
1000,48915,random,inserting
1000,86997,random,inserting
1000,48915,random,inserting
1000,61545,random,inserting
1000,112385,random,inserting
1000,61609,random,inserting
1000,48915,random,inserting
1000,48851,random,inserting
1000,74303,random,inserting
1000,61609,random,inserting
1000,48915,random,inserting
1000,112385,random,inserting
1000,48915,random,inserting
1000,48915,random,inserting
1000,48915,random,inserting
1000,61609,random,inserting
1000,48915,random,inserting
1000,48915,random,inserting
1000,86997,random,inserting
1000,61609,random,inserting
1000,61609,random,inserting
1000,74303,random,inserting
1000,48915,random,inserting
1000,74303,random,inserting
1000,74303,random,inserting
1000,61609,random,inserting
1000,61609,random,inserting
1000,61609,random,inserting
1000,74303,random,inserting
1000,112385,random,inserting
1000,86997,random,inserting
1000,48915,random,inserting
1000,48915,random,inserting
1000,61609,random,inserting
1000,48915,random,inserting
1000,99691,random,inserting
1000,48915,random,inserting
1000,61609,random,inserting
1000,48915,random,inserting
1000,48915,random,inserting
1000,48915,random,inserting
1000,61609,random,inserting
1000,86997,random,inserting
1000,48915,random,inserting
1000,74303,random,inserting
1000,61609,random,inserting
1000,61609,random,inserting
1000,61609,random,inserting
1000,48915,random,inserting
1000,48915,random,inserting
1000,48915,random,inserting
1000,48915,random,inserting
1000,86997,random,inserting
1000,86997,random,inserting
1000,48915,random,inserting
1000,48851,random,inserting
1000,61609,random,inserting
1000,48915,random,inserting
1000,48915,random,inserting
1000,61609,random,inserting
1000,48915,random,inserting
1000,48915,random,inserting
1000,61609,random,inserting
1000,112385,random,inserting
1000,86997,random,inserting
1000,61609,random,inserting
1000,61609,random,inserting
1000,74303,random,inserting
1000,74303,random,inserting
1000,48915,random,inserting
1000,48915,random,inserting
1000,61609,random,inserting
1000,86997,random,inserting
1000,61609,random,inserting
1000,48915,random,inserting
1000,48915,random,inserting
1000,48915,random,inserting
1000,48915,random,inserting
1000,48915,random,inserting
1000,61609,random,inserting
1000,48915,random,inserting
1000,86997,random,inserting
1000,48915,random,inserting
1000,61609,random,inserting
1000,61609,random,inserting
1000,48915,random,inserting
1000,48915,random,inserting
1000,61609,random,inserting
1000,61609,random,inserting
1000,86997,random,inserting
1000,48915,random,inserting
1000,48915,random,inserting
1000,48915,random,inserting
1000,86997,random,inserting
1000,48915,random,inserting
1000,61609,random,inserting
1000,48915,random,inserting
1000,61609,random,inserting
1000,137773,random,inserting
1000,74303,random,inserting
1000,48915,random,inserting
1000,48915,random,inserting
1000,48915,random,inserting
1000,48915,random,inserting
1000,48915,random,inserting
1000,48851,random,inserting
1000,48915,random,inserting
1000,61609,random,inserting
1000,48915,random,inserting
1000,48915,random,inserting
1000,86997,random,inserting
1000,74303,random,inserting
1000,112385,random,inserting
1000,61609,random,inserting
1000,48915,random,inserting
1000,61609,random,inserting
1000,61609,random,inserting
1000,61609,random,inserting
1000,48915,random,inserting
1000,61609,random,inserting
1000,61609,random,inserting
1000,61609,random,inserting
1000,74303,random,inserting
1000,48915,random,inserting
1000,48915,random,inserting
1000,74303,random,inserting
1000,48915,random,inserting
1000,61609,random,inserting
1000,74303,random,inserting
1000,61609,random,inserting
1000,48915,random,inserting
1000,61609,random,inserting
1000,48915,random,inserting
1000,61609,random,inserting
1000,48915,random,inserting
1000,74303,random,inserting
1000,48915,random,inserting
1000,61609,random,inserting
1000,99691,random,inserting
1000,74303,random,inserting
1000,61609,random,inserting
1000,61609,random,inserting
1000,61609,random,inserting
1000,86997,random,inserting
1000,48915,random,inserting
1000,86997,random,inserting
1000,86997,random,inserting
1000,74303,random,inserting
1000,86997,random,inserting
1000,48915,random,inserting
1000,99691,random,inserting
1000,48851,random,inserting
1000,74303,random,inserting
1000,61609,random,inserting
1000,74303,random,inserting
1000,61609,random,inserting
1000,86997,random,inserting
1000,48915,random,inserting
1000,48915,random,inserting
1000,61609,random,inserting
1000,48915,random,inserting
1000,48915,random,inserting
1000,86997,random,inserting
1000,74303,random,inserting
1000,48915,random,inserting
1000,61609,random,inserting
1000,61609,random,inserting
1000,48915,random,inserting
1000,48915,random,inserting
1000,61609,random,inserting
1000,48915,random,inserting
1000,74303,random,inserting
1000,48851,random,inserting
1000,61609,random,inserting
1000,48915,random,inserting
1000,74303,random,inserting
1000,48915,random,inserting
1000,74303,random,inserting
1000,48915,random,inserting
1000,48915,random,inserting
1000,74303,random,inserting
1000,61609,random,inserting
1000,48915,random,inserting
1000,74303,random,inserting
1000,48915,random,inserting
1000,74303,random,inserting
1000,48915,random,inserting
1000,61609,random,inserting
1000,48915,random,inserting
1000,48915,random,inserting
1000,61609,random,inserting
1000,86997,random,inserting
1000,48915,random,inserting
1000,74303,random,inserting
1000,74303,random,inserting
1000,74303,random,inserting
1000,48915,random,inserting
1000,74303,random,inserting
1000,74303,random,inserting
1000,74303,random,inserting
1000,74303,random,inserting
1000,61609,random,inserting
1000,61609,random,inserting
1000,48915,random,inserting
1000,48915,random,inserting
1000,61609,random,inserting
1000,48915,random,inserting
1000,112385,random,inserting
1000,48915,random,inserting
1000,74303,random,inserting
1000,48915,random,inserting
1000,48915,random,inserting
1000,48915,random,inserting
1000,86997,random,inserting
1000,48915,random,inserting
1000,86997,random,inserting
1000,48915,random,inserting
1000,48915,random,inserting
1000,61609,random,inserting
1000,61609,random,inserting
1000,48915,random,inserting
1000,74303,random,inserting
1000,61609,random,inserting
1000,61609,random,inserting
1000,61609,random,inserting
1000,48915,random,inserting
1000,112385,random,inserting
1000,74303,random,inserting
1000,48915,random,inserting
1000,61609,random,inserting
1000,112385,random,inserting
1000,61609,random,inserting
1000,48915,random,inserting
1000,74303,random,inserting
1000,74303,random,inserting
1000,86997,random,inserting
1000,48915,random,inserting
1000,86997,random,inserting
1000,48915,random,inserting
1000,61609,random,inserting
1000,61609,random,inserting
1000,86997,random,inserting
1000,48915,random,inserting
1000,61609,random,inserting
1000,48915,random,inserting
1000,48915,random,inserting
1000,48915,random,inserting
1000,48851,random,inserting
1000,61609,random,inserting
1000,48915,random,inserting
1000,74303,random,inserting
1000,61609,random,inserting
1000,61609,random,inserting
1000,48915,random,inserting
1000,61609,random,inserting
1000,48915,random,inserting
1000,86997,random,inserting
1000,48851,random,inserting
1000,86997,random,inserting
1000,74303,random,inserting
1000,74303,random,inserting
1000,61609,random,inserting
1000,61609,random,inserting
1000,48915,random,inserting
1000,61609,random,inserting
1000,61609,random,inserting
1000,48915,random,inserting
1000,74303,random,inserting
1000,48915,random,inserting
1000,61609,random,inserting
1000,48915,random,inserting
1000,61609,random,inserting
1000,61609,random,inserting
1000,48915,random,inserting
1000,48915,random,inserting
1000,48915,random,inserting
1000,48915,random,inserting
1000,61609,random,inserting
1000,61609,random,inserting
1000,61609,random,inserting
1000,86997,random,inserting
1000,86997,random,inserting
1000,61609,random,inserting
1000,74303,random,inserting
1000,48915,random,inserting
1000,61609,random,inserting
1000,61609,random,inserting
1000,61609,random,inserting
1000,74303,random,inserting
1000,74303,random,inserting
1000,74303,random,inserting
1000,74303,random,inserting
1000,48915,random,inserting
1000,48915,random,inserting
1000,86997,random,inserting
1000,86997,random,inserting
1000,48915,random,inserting
1000,61609,random,inserting
1000,61609,random,inserting
1000,61609,random,inserting
1000,48915,random,inserting
1000,48915,random,inserting
1000,74303,random,inserting
1000,74303,random,inserting
1000,48915,random,inserting
1000,61609,random,inserting
1000,61609,random,inserting
1000,61609,random,inserting
1000,48915,random,inserting
1000,48915,random,inserting
1000,48851,random,inserting
1000,74303,random,inserting
1000,48915,random,inserting
1000,61609,random,inserting
1000,48915,random,inserting
1000,86997,random,inserting
1000,48851,random,inserting
1000,61609,random,inserting
1000,48915,random,inserting
1000,61609,random,inserting
1000,112385,random,inserting
1000,48915,random,inserting
1000,48851,random,inserting
1000,61609,random,inserting
1000,86997,random,inserting
1000,48915,random,inserting
1000,48915,random,inserting
1000,61609,random,inserting
1000,61609,random,inserting
1000,74303,random,inserting
1000,61609,random,inserting
1000,74303,random,inserting
1000,61609,random,inserting
1000,86997,random,inserting
1000,61609,random,inserting
1000,61609,random,inserting
1000,74303,random,inserting
1000,61609,random,inserting
1000,48915,random,inserting
1000,61609,random,inserting
1000,48915,random,inserting
1000,61609,random,inserting
1000,48915,random,inserting
1000,61609,random,inserting
1000,74303,random,inserting
1000,48915,random,inserting
1000,74303,random,inserting
1000,61609,random,inserting
1000,61609,random,inserting
1000,48915,random,inserting
1000,48915,random,inserting
1000,99691,random,inserting
1000,61609,random,inserting
1000,74303,random,inserting
1000,74303,random,inserting
1000,61609,random,inserting
1000,48915,random,inserting
1000,48915,random,inserting
1000,61609,random,inserting
1000,48915,random,inserting
1000,86997,random,inserting
1000,61609,random,inserting
1000,86997,random,inserting
1000,61609,random,inserting
1000,48915,random,inserting
1000,74303,random,inserting
1000,86997,random,inserting
1000,125079,random,inserting
1000,48915,random,inserting
1000,48915,random,inserting
1000,48915,random,inserting
1000,61609,random,inserting
1000,48915,random,inserting
1000,48915,random,inserting
1000,99691,random,inserting
1000,61609,random,inserting
1000,48915,random,inserting
1000,74303,random,inserting
1000,48915,random,inserting
1000,61609,random,inserting
1000,61609,random,inserting
1000,86997,random,inserting
1000,74303,random,inserting
1000,48851,random,inserting
1000,99691,random,inserting
1000,61609,random,inserting
1000,61609,random,inserting
1000,48915,random,inserting
1000,61609,random,inserting
1000,48915,random,inserting
1000,61609,random,inserting
1000,86997,random,inserting
1000,86997,random,inserting
1000,61609,random,inserting
1000,61609,random,inserting
1000,48915,random,inserting
1000,61609,random,inserting
1000,74303,random,inserting
1000,74303,random,inserting
1000,74303,random,inserting
1000,48915,random,inserting
1000,61609,random,inserting
1000,48915,random,inserting
1000,61609,random,inserting
1000,74303,random,inserting
1000,48915,random,inserting
1000,48915,random,inserting
1000,112385,random,inserting
1000,99691,random,inserting
1000,61609,random,inserting
1000,112385,random,inserting
1000,48915,random,inserting
1000,74303,random,inserting
1000,48915,random,inserting
1000,86997,random,inserting
1000,48915,random,inserting
1000,74303,random,inserting
1000,86997,random,inserting
1000,112385,random,inserting
1000,86997,random,inserting
1000,48915,random,inserting
1000,48915,random,inserting
1000,48851,random,inserting
1000,86997,random,inserting
1000,48915,random,inserting
1000,48915,random,inserting
1000,74303,random,inserting
1000,48915,random,inserting
1000,150467,random,inserting
1000,61609,random,inserting
1000,48915,random,inserting
1000,61609,random,inserting
1000,48915,random,inserting
1000,74303,random,inserting
1000,48851,random,inserting
1000,99691,random,inserting
1000,48915,random,inserting
1000,48915,random,inserting
1000,61609,random,inserting
1000,48915,random,inserting
1000,48915,random,inserting
1000,86997,random,inserting
1000,61609,random,inserting
1000,48915,random,inserting
1000,61609,random,inserting
1000,137773,random,inserting
1000,48915,random,inserting
1000,61609,random,inserting
1000,48915,random,inserting
1000,86997,random,inserting
1000,61609,random,inserting
1000,48915,random,inserting
1000,74303,random,inserting
1000,48915,random,inserting
1000,48915,random,inserting
1000,99691,random,inserting
1000,61545,random,inserting
1000,74303,random,inserting
1000,48915,random,inserting
1000,61609,random,inserting
1000,48915,random,inserting
1000,61609,random,inserting
1000,48915,random,inserting
1000,74303,random,inserting
1000,86997,random,inserting
1000,61609,random,inserting
1000,48915,random,inserting
1000,48915,random,inserting
1000,48915,random,inserting
1000,99691,random,inserting
1000,48915,random,inserting
1000,61609,random,inserting
1000,61609,random,inserting
1000,86997,random,inserting
1000,48915,random,inserting
1000,74303,random,inserting
1000,137773,random,inserting
1000,61609,random,inserting
1000,48915,random,inserting
1000,74303,random,inserting
1000,74303,random,inserting
1000,48915,random,inserting
1000,61609,random,inserting
1000,48915,random,inserting
1000,48915,random,inserting
1000,74303,random,inserting
1000,61609,random,inserting
1000,74303,random,inserting
1000,48915,random,inserting
1000,48915,random,inserting
1000,61609,random,inserting
1000,74303,random,inserting
1000,74303,random,inserting
1000,61609,random,inserting
1000,48915,random,inserting
1000,74303,random,inserting
1000,61609,random,inserting
1000,48915,random,inserting
1000,61609,random,inserting
1000,74303,random,inserting
1000,99691,random,inserting
1000,61609,random,inserting
1000,74303,random,inserting
1000,86997,random,inserting
1000,48915,random,inserting
1000,48915,random,inserting
1000,48915,random,inserting
1000,86997,random,inserting
1000,48915,random,inserting
1000,112385,random,inserting
1000,48915,random,inserting
1000,86997,random,inserting
1000,99691,random,inserting
1000,112385,random,inserting
1000,48915,random,inserting
1000,74303,random,inserting
1000,61609,random,inserting
1000,61609,random,inserting
1000,48915,random,inserting
1000,61609,random,inserting
1000,48915,random,inserting
1000,48915,random,inserting
1000,48915,random,inserting
1000,61609,random,inserting
1000,61609,random,inserting
1000,48915,random,inserting
1000,48851,random,inserting
1000,48915,random,inserting
1000,48915,random,inserting
1000,74303,random,inserting
1000,74303,random,inserting
1000,61609,random,inserting
1000,48915,random,inserting
1000,112385,random,inserting
1000,48915,random,inserting
1000,61609,random,inserting
1000,155920,random,removeMax
1000,155798,random,removeMax
1000,155432,random,removeMax
1000,155676,random,removeMax
1000,155798,random,removeMax
1000,155554,random,removeMax
1000,155554,random,removeMax
1000,155554,random,removeMax
1000,155676,random,removeMax
1000,155676,random,removeMax
1000,155676,random,removeMax
1000,143072,random,removeMax
1000,155188,random,removeMax
1000,155798,random,removeMax
1000,155798,random,removeMax
1000,155554,random,removeMax
1000,155432,random,removeMax
1000,143682,random,removeMax
1000,143560,random,removeMax
1000,143682,random,removeMax
1000,155798,random,removeMax
1000,143438,random,removeMax
1000,155676,random,removeMax
1000,155676,random,removeMax
1000,155554,random,removeMax
1000,143438,random,removeMax
1000,155432,random,removeMax
1000,155676,random,removeMax
1000,141123,random,removeMax
1000,155432,random,removeMax
1000,141245,random,removeMax
1000,141245,random,removeMax
1000,155554,random,removeMax
1000,141123,random,removeMax
1000,155676,random,removeMax
1000,128885,random,removeMax
1000,143682,random,removeMax
1000,155554,random,removeMax
1000,155676,random,removeMax
1000,155310,random,removeMax
1000,155188,random,removeMax
1000,141123,random,removeMax
1000,155188,random,removeMax
1000,143438,random,removeMax
1000,143194,random,removeMax
1000,128885,random,removeMax
1000,155798,random,removeMax
1000,155432,random,removeMax
1000,155554,random,removeMax
1000,143438,random,removeMax
1000,155432,random,removeMax
1000,155554,random,removeMax
1000,155554,random,removeMax
1000,155554,random,removeMax
1000,155432,random,removeMax
1000,143438,random,removeMax
1000,155432,random,removeMax
1000,155676,random,removeMax
1000,155554,random,removeMax
1000,155310,random,removeMax
1000,141001,random,removeMax
1000,129007,random,removeMax
1000,141123,random,removeMax
1000,143438,random,removeMax
1000,155798,random,removeMax
1000,155798,random,removeMax
1000,155188,random,removeMax
1000,155432,random,removeMax
1000,155554,random,removeMax
1000,141001,random,removeMax
1000,155676,random,removeMax
1000,155188,random,removeMax
1000,155432,random,removeMax
1000,155554,random,removeMax
1000,143194,random,removeMax
1000,155554,random,removeMax
1000,155554,random,removeMax
1000,155554,random,removeMax
1000,141245,random,removeMax
1000,155676,random,removeMax
1000,143438,random,removeMax
1000,155188,random,removeMax
1000,155676,random,removeMax
1000,143438,random,removeMax
1000,155676,random,removeMax
1000,114454,random,removeMax
1000,143438,random,removeMax
1000,143438,random,removeMax
1000,143316,random,removeMax
1000,155310,random,removeMax
1000,143072,random,removeMax
1000,155310,random,removeMax
1000,155432,random,removeMax
1000,141123,random,removeMax
1000,143194,random,removeMax
1000,143560,random,removeMax
1000,141001,random,removeMax
1000,155310,random,removeMax
1000,155554,random,removeMax
1000,155310,random,removeMax
1000,155432,random,removeMax
1000,155676,random,removeMax
1000,155554,random,removeMax
1000,141123,random,removeMax
1000,141367,random,removeMax
1000,155188,random,removeMax
1000,143682,random,removeMax
1000,141245,random,removeMax
1000,141001,random,removeMax
1000,155310,random,removeMax
1000,155676,random,removeMax
1000,155676,random,removeMax
1000,155554,random,removeMax
1000,155432,random,removeMax
1000,141123,random,removeMax
1000,155432,random,removeMax
1000,143438,random,removeMax
1000,155432,random,removeMax
1000,155554,random,removeMax
1000,155676,random,removeMax
1000,155310,random,removeMax
1000,141489,random,removeMax
1000,141245,random,removeMax
1000,143682,random,removeMax
1000,155066,random,removeMax
1000,155188,random,removeMax
1000,155432,random,removeMax
1000,155432,random,removeMax
1000,155432,random,removeMax
1000,155432,random,removeMax
1000,141001,random,removeMax
1000,141123,random,removeMax
1000,141001,random,removeMax
1000,155798,random,removeMax
1000,155432,random,removeMax
1000,155554,random,removeMax
1000,141001,random,removeMax
1000,143560,random,removeMax
1000,143316,random,removeMax
1000,155188,random,removeMax
1000,155554,random,removeMax
1000,141245,random,removeMax
1000,155432,random,removeMax
1000,155432,random,removeMax
1000,155432,random,removeMax
1000,155310,random,removeMax
1000,140879,random,removeMax
1000,155676,random,removeMax
1000,155676,random,removeMax
1000,155310,random,removeMax
1000,141001,random,removeMax
1000,155554,random,removeMax
1000,141001,random,removeMax
1000,155310,random,removeMax
1000,155554,random,removeMax
1000,141245,random,removeMax
1000,155310,random,removeMax
1000,141123,random,removeMax
1000,143194,random,removeMax
1000,155432,random,removeMax
1000,155676,random,removeMax
1000,143316,random,removeMax
1000,141245,random,removeMax
1000,155798,random,removeMax
1000,143438,random,removeMax
1000,141245,random,removeMax
1000,141001,random,removeMax
1000,155676,random,removeMax
1000,155554,random,removeMax
1000,155432,random,removeMax
1000,143438,random,removeMax
1000,155310,random,removeMax
1000,155554,random,removeMax
1000,155310,random,removeMax
1000,155432,random,removeMax
1000,143560,random,removeMax
1000,155188,random,removeMax
1000,143072,random,removeMax
1000,155432,random,removeMax
1000,155554,random,removeMax
1000,141001,random,removeMax
1000,141001,random,removeMax
1000,155310,random,removeMax
1000,155432,random,removeMax
1000,155432,random,removeMax
1000,155310,random,removeMax
1000,141245,random,removeMax
1000,143194,random,removeMax
1000,155554,random,removeMax
1000,141123,random,removeMax
1000,155188,random,removeMax
1000,141123,random,removeMax
1000,141245,random,removeMax
1000,128885,random,removeMax
1000,129129,random,removeMax
1000,155310,random,removeMax
1000,155554,random,removeMax
1000,141123,random,removeMax
1000,155188,random,removeMax
1000,155554,random,removeMax
1000,155554,random,removeMax
1000,155554,random,removeMax
1000,141367,random,removeMax
1000,141001,random,removeMax
1000,155554,random,removeMax
1000,143194,random,removeMax
1000,141001,random,removeMax
1000,155432,random,removeMax
1000,155554,random,removeMax
1000,141123,random,removeMax
1000,141123,random,removeMax
1000,141001,random,removeMax
1000,155310,random,removeMax
1000,140879,random,removeMax
1000,140879,random,removeMax
1000,140879,random,removeMax
1000,143438,random,removeMax
1000,141123,random,removeMax
1000,155066,random,removeMax
1000,140879,random,removeMax
1000,155676,random,removeMax
1000,143560,random,removeMax
1000,155310,random,removeMax
1000,155798,random,removeMax
1000,141123,random,removeMax
1000,141123,random,removeMax
1000,141001,random,removeMax
1000,155066,random,removeMax
1000,155188,random,removeMax
1000,141123,random,removeMax
1000,155066,random,removeMax
1000,155310,random,removeMax
1000,141123,random,removeMax
1000,140879,random,removeMax
1000,128885,random,removeMax
1000,129007,random,removeMax
1000,141245,random,removeMax
1000,141245,random,removeMax
1000,155554,random,removeMax
1000,155310,random,removeMax
1000,140879,random,removeMax
1000,141001,random,removeMax
1000,141367,random,removeMax
1000,155554,random,removeMax
1000,155554,random,removeMax
1000,155432,random,removeMax
1000,155676,random,removeMax
1000,155066,random,removeMax
1000,155554,random,removeMax
1000,141001,random,removeMax
1000,155554,random,removeMax
1000,155310,random,removeMax
1000,141245,random,removeMax
1000,140879,random,removeMax
1000,155432,random,removeMax
1000,141001,random,removeMax
1000,141001,random,removeMax
1000,114454,random,removeMax
1000,141123,random,removeMax
1000,128763,random,removeMax
1000,155188,random,removeMax
1000,141001,random,removeMax
1000,155188,random,removeMax
1000,141001,random,removeMax
1000,141123,random,removeMax
1000,155554,random,removeMax
1000,140879,random,removeMax
1000,155310,random,removeMax
1000,155310,random,removeMax
1000,141001,random,removeMax
1000,141001,random,removeMax
1000,155310,random,removeMax
1000,141123,random,removeMax
1000,141001,random,removeMax
1000,141123,random,removeMax
1000,141001,random,removeMax
1000,141123,random,removeMax
1000,141001,random,removeMax
1000,155188,random,removeMax
1000,141001,random,removeMax
1000,155554,random,removeMax
1000,141123,random,removeMax
1000,155554,random,removeMax
1000,155432,random,removeMax
1000,140879,random,removeMax
1000,141001,random,removeMax
1000,143438,random,removeMax
1000,141123,random,removeMax
1000,155676,random,removeMax
1000,141245,random,removeMax
1000,140757,random,removeMax
1000,155432,random,removeMax
1000,141245,random,removeMax
1000,141123,random,removeMax
1000,143316,random,removeMax
1000,155310,random,removeMax
1000,140879,random,removeMax
1000,155310,random,removeMax
1000,140879,random,removeMax
1000,155676,random,removeMax
1000,128885,random,removeMax
1000,155554,random,removeMax
1000,141245,random,removeMax
1000,155554,random,removeMax
1000,141123,random,removeMax
1000,155554,random,removeMax
1000,141123,random,removeMax
1000,141001,random,removeMax
1000,141367,random,removeMax
1000,141245,random,removeMax
1000,141367,random,removeMax
1000,141245,random,removeMax
1000,141001,random,removeMax
1000,155310,random,removeMax
1000,128885,random,removeMax
1000,155066,random,removeMax
1000,140757,random,removeMax
1000,141001,random,removeMax
1000,155432,random,removeMax
1000,143072,random,removeMax
1000,141001,random,removeMax
1000,155310,random,removeMax
1000,155432,random,removeMax
1000,155432,random,removeMax
1000,141001,random,removeMax
1000,141123,random,removeMax
1000,141001,random,removeMax
1000,140879,random,removeMax
1000,141123,random,removeMax
1000,141001,random,removeMax
1000,141001,random,removeMax
1000,155432,random,removeMax
1000,155310,random,removeMax
1000,143194,random,removeMax
1000,140879,random,removeMax
1000,141001,random,removeMax
1000,141123,random,removeMax
1000,155432,random,removeMax
1000,141123,random,removeMax
1000,141123,random,removeMax
1000,128641,random,removeMax
1000,141123,random,removeMax
1000,141123,random,removeMax
1000,143194,random,removeMax
1000,141245,random,removeMax
1000,141001,random,removeMax
1000,140879,random,removeMax
1000,140879,random,removeMax
1000,141367,random,removeMax
1000,155188,random,removeMax
1000,141123,random,removeMax
1000,129251,random,removeMax
1000,155432,random,removeMax
1000,155310,random,removeMax
1000,141245,random,removeMax
1000,128885,random,removeMax
1000,141001,random,removeMax
1000,141123,random,removeMax
1000,128763,random,removeMax
1000,141123,random,removeMax
1000,143194,random,removeMax
1000,141001,random,removeMax
1000,141245,random,removeMax
1000,143560,random,removeMax
1000,141001,random,removeMax
1000,143194,random,removeMax
1000,155676,random,removeMax
1000,155188,random,removeMax
1000,140757,random,removeMax
1000,140879,random,removeMax
1000,141123,random,removeMax
1000,140757,random,removeMax
1000,140757,random,removeMax
1000,143316,random,removeMax
1000,140635,random,removeMax
1000,141001,random,removeMax
1000,141001,random,removeMax
1000,141123,random,removeMax
1000,141001,random,removeMax
1000,141001,random,removeMax
1000,140879,random,removeMax
1000,129129,random,removeMax
1000,155310,random,removeMax
1000,141245,random,removeMax
1000,155432,random,removeMax
1000,142950,random,removeMax
1000,140757,random,removeMax
1000,128885,random,removeMax
1000,141245,random,removeMax
1000,129007,random,removeMax
1000,141367,random,removeMax
1000,141123,random,removeMax
1000,141245,random,removeMax
1000,140879,random,removeMax
1000,128641,random,removeMax
1000,155310,random,removeMax
1000,155188,random,removeMax
1000,128763,random,removeMax
1000,140879,random,removeMax
1000,140757,random,removeMax
1000,141001,random,removeMax
1000,141123,random,removeMax
1000,141367,random,removeMax
1000,141123,random,removeMax
1000,140635,random,removeMax
1000,155554,random,removeMax
1000,141001,random,removeMax
1000,140879,random,removeMax
1000,155188,random,removeMax
1000,141123,random,removeMax
1000,141001,random,removeMax
1000,141245,random,removeMax
1000,141123,random,removeMax
1000,141245,random,removeMax
1000,143194,random,removeMax
1000,141001,random,removeMax
1000,129129,random,removeMax
1000,140879,random,removeMax
1000,140757,random,removeMax
1000,141001,random,removeMax
1000,141123,random,removeMax
1000,141367,random,removeMax
1000,128885,random,removeMax
1000,129007,random,removeMax
1000,140635,random,removeMax
1000,141001,random,removeMax
1000,140757,random,removeMax
1000,129251,random,removeMax
1000,141123,random,removeMax
1000,155432,random,removeMax
1000,141245,random,removeMax
1000,141001,random,removeMax
1000,141001,random,removeMax
1000,141245,random,removeMax
1000,141123,random,removeMax
1000,141123,random,removeMax
1000,141001,random,removeMax
1000,140879,random,removeMax
1000,141001,random,removeMax
1000,142950,random,removeMax
1000,141001,random,removeMax
1000,140879,random,removeMax
1000,141001,random,removeMax
1000,140757,random,removeMax
1000,141367,random,removeMax
1000,128885,random,removeMax
1000,140879,random,removeMax
1000,140879,random,removeMax
1000,141123,random,removeMax
1000,141001,random,removeMax
1000,140757,random,removeMax
1000,140757,random,removeMax
1000,141245,random,removeMax
1000,140879,random,removeMax
1000,141245,random,removeMax
1000,140879,random,removeMax
1000,140879,random,removeMax
1000,141123,random,removeMax
1000,140879,random,removeMax
1000,141001,random,removeMax
1000,142950,random,removeMax
1000,141001,random,removeMax
1000,140757,random,removeMax
1000,141123,random,removeMax
1000,141245,random,removeMax
1000,141245,random,removeMax
1000,141001,random,removeMax
1000,141123,random,removeMax
1000,141123,random,removeMax
1000,141123,random,removeMax
1000,141001,random,removeMax
1000,141123,random,removeMax
1000,141123,random,removeMax
1000,129129,random,removeMax
1000,141123,random,removeMax
1000,141001,random,removeMax
1000,141001,random,removeMax
1000,129007,random,removeMax
1000,140879,random,removeMax
1000,140635,random,removeMax
1000,140879,random,removeMax
1000,141001,random,removeMax
1000,141245,random,removeMax
1000,141123,random,removeMax
1000,129007,random,removeMax
1000,141245,random,removeMax
1000,140757,random,removeMax
1000,141001,random,removeMax
1000,141245,random,removeMax
1000,140879,random,removeMax
1000,140879,random,removeMax
1000,141001,random,removeMax
1000,141123,random,removeMax
1000,140879,random,removeMax
1000,140879,random,removeMax
1000,141123,random,removeMax
1000,114210,random,removeMax
1000,141123,random,removeMax
1000,141001,random,removeMax
1000,140757,random,removeMax
1000,140757,random,removeMax
1000,140879,random,removeMax
1000,141001,random,removeMax
1000,141123,random,removeMax
1000,128885,random,removeMax
1000,141001,random,removeMax
1000,140879,random,removeMax
1000,126692,random,removeMax
1000,141001,random,removeMax
1000,141001,random,removeMax
1000,141367,random,removeMax
1000,140879,random,removeMax
1000,141001,random,removeMax
1000,140879,random,removeMax
1000,140879,random,removeMax
1000,141001,random,removeMax
1000,140879,random,removeMax
1000,141001,random,removeMax
1000,128885,random,removeMax
1000,140757,random,removeMax
1000,141123,random,removeMax
1000,141123,random,removeMax
1000,128885,random,removeMax
1000,141001,random,removeMax
1000,140757,random,removeMax
1000,141123,random,removeMax
1000,141001,random,removeMax
1000,141123,random,removeMax
1000,140879,random,removeMax
1000,126570,random,removeMax
1000,140879,random,removeMax
1000,128885,random,removeMax
1000,140879,random,removeMax
1000,140757,random,removeMax
1000,140757,random,removeMax
1000,141001,random,removeMax
1000,129007,random,removeMax
1000,140879,random,removeMax
1000,140757,random,removeMax
1000,128641,random,removeMax
1000,140879,random,removeMax
1000,126814,random,removeMax
1000,141123,random,removeMax
1000,126692,random,removeMax
1000,140635,random,removeMax
1000,141123,random,removeMax
1000,128885,random,removeMax
1000,140757,random,removeMax
1000,140757,random,removeMax
1000,126570,random,removeMax
1000,128885,random,removeMax
1000,141123,random,removeMax
1000,141123,random,removeMax
1000,140879,random,removeMax
1000,140879,random,removeMax
1000,126570,random,removeMax
1000,126448,random,removeMax
1000,141001,random,removeMax
1000,141123,random,removeMax
1000,140879,random,removeMax
1000,141123,random,removeMax
1000,140757,random,removeMax
1000,126692,random,removeMax
1000,141001,random,removeMax
1000,141001,random,removeMax
1000,141245,random,removeMax
1000,141123,random,removeMax
1000,126570,random,removeMax
1000,141001,random,removeMax
1000,141123,random,removeMax
1000,140879,random,removeMax
1000,141245,random,removeMax
1000,141367,random,removeMax
1000,140879,random,removeMax
1000,126448,random,removeMax
1000,128763,random,removeMax
1000,114698,random,removeMax
1000,140879,random,removeMax
1000,126570,random,removeMax
1000,128641,random,removeMax
1000,141123,random,removeMax
1000,141123,random,removeMax
1000,140879,random,removeMax
1000,141001,random,removeMax
1000,140879,random,removeMax
1000,126448,random,removeMax
1000,129007,random,removeMax
1000,140879,random,removeMax
1000,129129,random,removeMax
1000,141001,random,removeMax
1000,140757,random,removeMax
1000,128763,random,removeMax
1000,141001,random,removeMax
1000,128885,random,removeMax
1000,141123,random,removeMax
1000,114332,random,removeMax
1000,141001,random,removeMax
1000,140879,random,removeMax
1000,128885,random,removeMax
1000,126814,random,removeMax
1000,126448,random,removeMax
1000,128885,random,removeMax
1000,140757,random,removeMax
1000,141001,random,removeMax
1000,114454,random,removeMax
1000,126570,random,removeMax
1000,140757,random,removeMax
1000,126692,random,removeMax
1000,141123,random,removeMax
1000,140513,random,removeMax
1000,141123,random,removeMax
1000,141001,random,removeMax
1000,126326,random,removeMax
1000,126448,random,removeMax
1000,128885,random,removeMax
1000,128885,random,removeMax
1000,140879,random,removeMax
1000,140757,random,removeMax
1000,141001,random,removeMax
1000,126326,random,removeMax
1000,126570,random,removeMax
1000,126936,random,removeMax
1000,141001,random,removeMax
1000,126570,random,removeMax
1000,126570,random,removeMax
1000,126448,random,removeMax
1000,128885,random,removeMax
1000,126570,random,removeMax
1000,126814,random,removeMax
1000,140879,random,removeMax
1000,140879,random,removeMax
1000,140879,random,removeMax
1000,126448,random,removeMax
1000,141001,random,removeMax
1000,140757,random,removeMax
1000,126326,random,removeMax
1000,141001,random,removeMax
1000,126448,random,removeMax
1000,126570,random,removeMax
1000,140757,random,removeMax
1000,126570,random,removeMax
1000,126570,random,removeMax
1000,141123,random,removeMax
1000,140879,random,removeMax
1000,140879,random,removeMax
1000,114454,random,removeMax
1000,114332,random,removeMax
1000,126570,random,removeMax
1000,126570,random,removeMax
1000,114576,random,removeMax
1000,128885,random,removeMax
1000,126570,random,removeMax
1000,129007,random,removeMax
1000,141001,random,removeMax
1000,126692,random,removeMax
1000,126448,random,removeMax
1000,126448,random,removeMax
1000,126692,random,removeMax
1000,141001,random,removeMax
1000,126570,random,removeMax
1000,126204,random,removeMax
1000,140635,random,removeMax
1000,126448,random,removeMax
1000,141001,random,removeMax
1000,126570,random,removeMax
1000,128885,random,removeMax
1000,114332,random,removeMax
1000,140879,random,removeMax
1000,140757,random,removeMax
1000,140879,random,removeMax
1000,126570,random,removeMax
1000,140635,random,removeMax
1000,126448,random,removeMax
1000,126692,random,removeMax
1000,126448,random,removeMax
1000,126448,random,removeMax
1000,126448,random,removeMax
1000,126570,random,removeMax
1000,126570,random,removeMax
1000,126448,random,removeMax
1000,141001,random,removeMax
1000,140879,random,removeMax
1000,141001,random,removeMax
1000,126326,random,removeMax
1000,126448,random,removeMax
1000,126448,random,removeMax
1000,126570,random,removeMax
1000,114088,random,removeMax
1000,140879,random,removeMax
1000,126326,random,removeMax
1000,126570,random,removeMax
1000,126326,random,removeMax
1000,126692,random,removeMax
1000,128885,random,removeMax
1000,126692,random,removeMax
1000,140635,random,removeMax
1000,126448,random,removeMax
1000,140879,random,removeMax
1000,126570,random,removeMax
1000,128763,random,removeMax
1000,126570,random,removeMax
1000,126326,random,removeMax
1000,126570,random,removeMax
1000,126326,random,removeMax
1000,126448,random,removeMax
1000,126448,random,removeMax
1000,126570,random,removeMax
1000,140757,random,removeMax
1000,126570,random,removeMax
1000,140879,random,removeMax
1000,126570,random,removeMax
1000,140757,random,removeMax
1000,140879,random,removeMax
1000,140757,random,removeMax
1000,140635,random,removeMax
1000,126326,random,removeMax
1000,126448,random,removeMax
1000,126326,random,removeMax
1000,126448,random,removeMax
1000,140635,random,removeMax
1000,126570,random,removeMax
1000,126692,random,removeMax
1000,126692,random,removeMax
1000,114332,random,removeMax
1000,140757,random,removeMax
1000,126326,random,removeMax
1000,126326,random,removeMax
1000,114332,random,removeMax
1000,126448,random,removeMax
1000,126570,random,removeMax
1000,126326,random,removeMax
1000,99901,random,removeMax
1000,140757,random,removeMax
1000,126570,random,removeMax
1000,126448,random,removeMax
1000,126448,random,removeMax
1000,126692,random,removeMax
1000,126692,random,removeMax
1000,126448,random,removeMax
1000,126814,random,removeMax
1000,114088,random,removeMax
1000,114820,random,removeMax
1000,126448,random,removeMax
1000,126448,random,removeMax
1000,126326,random,removeMax
1000,126204,random,removeMax
1000,126204,random,removeMax
1000,126692,random,removeMax
1000,126326,random,removeMax
1000,126570,random,removeMax
1000,126570,random,removeMax
1000,126570,random,removeMax
1000,126448,random,removeMax
1000,85348,random,removeMax
1000,114576,random,removeMax
1000,114576,random,removeMax
1000,126692,random,removeMax
1000,112261,random,removeMax
1000,126204,random,removeMax
1000,112139,random,removeMax
1000,126570,random,removeMax
1000,126082,random,removeMax
1000,126448,random,removeMax
1000,126326,random,removeMax
1000,112139,random,removeMax
1000,112139,random,removeMax
1000,126570,random,removeMax
1000,114332,random,removeMax
1000,126448,random,removeMax
1000,126326,random,removeMax
1000,126326,random,removeMax
1000,126326,random,removeMax
1000,112139,random,removeMax
1000,112017,random,removeMax
1000,126326,random,removeMax
1000,126570,random,removeMax
1000,126570,random,removeMax
1000,112017,random,removeMax
1000,126692,random,removeMax
1000,126448,random,removeMax
1000,112139,random,removeMax
1000,112139,random,removeMax
1000,126448,random,removeMax
1000,112139,random,removeMax
1000,126448,random,removeMax
1000,126204,random,removeMax
1000,126570,random,removeMax
1000,126326,random,removeMax
1000,126448,random,removeMax
1000,114332,random,removeMax
1000,126570,random,removeMax
1000,126448,random,removeMax
1000,126570,random,removeMax
1000,112139,random,removeMax
1000,112261,random,removeMax
1000,112261,random,removeMax
1000,126448,random,removeMax
1000,126570,random,removeMax
1000,126448,random,removeMax
1000,111895,random,removeMax
1000,126448,random,removeMax
1000,112017,random,removeMax
1000,126692,random,removeMax
1000,126448,random,removeMax
1000,126448,random,removeMax
1000,112139,random,removeMax
1000,112017,random,removeMax
1000,126326,random,removeMax
1000,126570,random,removeMax
1000,114210,random,removeMax
1000,126448,random,removeMax
1000,114088,random,removeMax
1000,112261,random,removeMax
1000,126448,random,removeMax
1000,126448,random,removeMax
1000,114454,random,removeMax
1000,99779,random,removeMax
1000,126204,random,removeMax
1000,100023,random,removeMax
1000,126326,random,removeMax
1000,112139,random,removeMax
1000,114332,random,removeMax
1000,111773,random,removeMax
1000,112383,random,removeMax
1000,114454,random,removeMax
1000,112017,random,removeMax
1000,112017,random,removeMax
1000,99901,random,removeMax
1000,111895,random,removeMax
1000,112261,random,removeMax
1000,112139,random,removeMax
1000,112017,random,removeMax
1000,126570,random,removeMax
1000,126448,random,removeMax
1000,111895,random,removeMax
1000,112139,random,removeMax
1000,112017,random,removeMax
1000,112139,random,removeMax
1000,112139,random,removeMax
1000,126326,random,removeMax
1000,112139,random,removeMax
1000,85592,random,removeMax
1000,112017,random,removeMax
1000,100023,random,removeMax
1000,112261,random,removeMax
1000,112017,random,removeMax
1000,112017,random,removeMax
1000,114332,random,removeMax
1000,111895,random,removeMax
1000,126204,random,removeMax
1000,112139,random,removeMax
1000,111895,random,removeMax
1000,111895,random,removeMax
1000,112139,random,removeMax
1000,112017,random,removeMax
1000,85592,random,removeMax
1000,111773,random,removeMax
1000,112017,random,removeMax
1000,114210,random,removeMax
1000,112017,random,removeMax
1000,126326,random,removeMax
1000,111895,random,removeMax
1000,112139,random,removeMax
1000,112017,random,removeMax
1000,112261,random,removeMax
1000,111773,random,removeMax
1000,112017,random,removeMax
1000,126326,random,removeMax
1000,111773,random,removeMax
1000,111895,random,removeMax
1000,99657,random,removeMax
1000,111651,random,removeMax
1000,112139,random,removeMax
1000,111895,random,removeMax
1000,112017,random,removeMax
1000,112017,random,removeMax
1000,112139,random,removeMax
1000,111895,random,removeMax
1000,112139,random,removeMax
1000,111895,random,removeMax
1000,112017,random,removeMax
1000,112017,random,removeMax
1000,112017,random,removeMax
1000,112261,random,removeMax
1000,111773,random,removeMax
1000,111773,random,removeMax
1000,112017,random,removeMax
1000,112017,random,removeMax
1000,112139,random,removeMax
1000,112017,random,removeMax
1000,112017,random,removeMax
1000,111773,random,removeMax
1000,97586,random,removeMax
1000,111895,random,removeMax
1000,97708,random,removeMax
1000,97586,random,removeMax
1000,111895,random,removeMax
1000,111895,random,removeMax
1000,111773,random,removeMax
1000,111895,random,removeMax
1000,97830,random,removeMax
1000,111895,random,removeMax
1000,111895,random,removeMax
1000,112017,random,removeMax
1000,111895,random,removeMax
1000,111773,random,removeMax
1000,111895,random,removeMax
1000,112017,random,removeMax
1000,97708,random,removeMax
1000,97342,random,removeMax
1000,111895,random,removeMax
1000,97708,random,removeMax
1000,111895,random,removeMax
1000,97586,random,removeMax
1000,97464,random,removeMax
1000,97586,random,removeMax
1000,85470,random,removeMax
1000,111773,random,removeMax
1000,111895,random,removeMax
1000,97464,random,removeMax
1000,97464,random,removeMax
1000,111895,random,removeMax
1000,97586,random,removeMax
1000,97586,random,removeMax
1000,97464,random,removeMax
1000,97586,random,removeMax
1000,97708,random,removeMax
1000,97586,random,removeMax
1000,97464,random,removeMax
1000,97586,random,removeMax
1000,97586,random,removeMax
1000,97586,random,removeMax
1000,85470,random,removeMax
1000,97586,random,removeMax
1000,97586,random,removeMax
1000,97342,random,removeMax
1000,97708,random,removeMax
1000,85348,random,removeMax
1000,97586,random,removeMax
1000,97464,random,removeMax
1000,83277,random,removeMax
1000,97342,random,removeMax
1000,97342,random,removeMax
1000,97586,random,removeMax
1000,97464,random,removeMax
1000,97464,random,removeMax
1000,83155,random,removeMax
1000,97464,random,removeMax
1000,97342,random,removeMax
1000,97464,random,removeMax
1000,97464,random,removeMax
1000,83277,random,removeMax
1000,85470,random,removeMax
1000,83033,random,removeMax
1000,83033,random,removeMax
1000,97342,random,removeMax
1000,97220,random,removeMax
1000,85226,random,removeMax
1000,83033,random,removeMax
1000,83033,random,removeMax
1000,83155,random,removeMax
1000,83155,random,removeMax
1000,83033,random,removeMax
1000,82911,random,removeMax
1000,82911,random,removeMax
1000,82911,random,removeMax
1000,82911,random,removeMax
1000,70795,random,removeMax
1000,82789,random,removeMax
1000,71039,random,removeMax
1000,68724,random,removeMax
1000,83033,random,removeMax
1000,82911,random,removeMax
1000,70795,random,removeMax
1000,82911,random,removeMax
1000,83033,random,removeMax
1000,70673,random,removeMax
1000,68602,random,removeMax
1000,68602,random,removeMax
1000,82911,random,removeMax
1000,68602,random,removeMax
1000,68480,random,removeMax
1000,68602,random,removeMax
1000,68358,random,removeMax
1000,68602,random,removeMax
1000,68480,random,removeMax
1000,56364,random,removeMax
1000,54171,random,removeMax
1000,56364,random,removeMax
1000,54049,random,removeMax
1000,54049,random,removeMax
1000,53927,random,removeMax
1000,54049,random,removeMax
1000,53927,random,removeMax
1000,53927,random,removeMax
1000,39618,random,removeMax
1000,39496,random,removeMax
1000,25065,random,removeMax
1000,25065,random,removeMax
1000,25065,random,removeMax
